chemin_zip,octets,sha256
01_Documentation/Shadow_Echoes_Bible_de_conception_V1.docx,8620414,fec646664900c8e16c44392b070904d2341af9d9bf13f19a1522ce5d87da9fe7
01_Documentation/Shadow_Echoes_Bible_de_conception_V1.pdf,6157522,2fc12d3b13476331a881b12b2e130eec8053637758da6366eceb4313fd4dfe66
02_Transformation_Seraphine/01_recherches_initiales.png,2912758,ac26e0dd2c9e332a1fc8fe08cb9d4ed7178ad9b065cce38ca1d5a11d6524f88b
02_Transformation_Seraphine/02_approfondissement_concept_art.png,2925973,3539736be09e1fb2b856da90f8831944c7dd5c286df440a0e88f5d503c47405d
02_Transformation_Seraphine/03_modele_final_2_5D.png,2782158,6d8c05182b1ba2c6634bfbe78d6c45465c2333c3deb6d6122c6b59d2776b3ed5
02_Transformation_Seraphine/04_pipeline_visuel_detaille.png,2370528,f59b4e90a81156102502822d4bee211d3d64087e82af673145ab4c2d3f4e8c0a
03_Transformation_Interface/avant_apres_interface_mythiques.png,2363427,81399bd7b1387f4dc359432145448a7169ae3f58100e1e2f6523a8ece6a4442f
04_Transformation_10_Mythiques/01_Astrae.png,2764259,289e3e6bea20ff34ca0d973ff3464ea92a4aca55b937e1d59f9f7f022f9601ce
04_Transformation_10_Mythiques/02_Ragnar.png,2855005,4592e494bd87a54df18d9a4c12b7927ecab9cb1a3e65646bece6503401258f1c
04_Transformation_10_Mythiques/03_Nyxara.png,2830834,075d5659e92eade5cef4916dafe1b8b3011eb7571e993f8d264fa5c3a09d0976
04_Transformation_10_Mythiques/04_Solmira.png,2802838,86589b874c5e575889fae21775c32e81902c890598bff8cf4c3d625cef655cba
04_Transformation_10_Mythiques/05_Caelum.png,2771720,99f359627955a69eb30b14546013187457b6a5542482665821e1a731a4fd6af0
04_Transformation_10_Mythiques/06_Eirlys.png,2876675,850e58b9542c1cfcc2bd134d4f66c1b3d2e2efc1c4ba04ed892004e1587ef7c1
04_Transformation_10_Mythiques/07_Voren.png,2756068,fa5577f56cf1f1d6a5171224c77826997560b462280fed0f7ae3d65fa2733995
04_Transformation_10_Mythiques/08_Lysael.png,2935358,5a2178c83992bcc11cf258346354709bde04e1486bb534376f669480852ba0a6
04_Transformation_10_Mythiques/09_Zareth.png,2717397,b9a0537adedf87960aeacf6a4ddd0948e126fecb5c0b0b2aad7620864253837f
04_Transformation_10_Mythiques/10_Ophelia.png,2813719,b8b06a3c48c71b771f23a9c7e85970b1e651877430a63e3bc8a57ef14e8a7788
05_Transformation_Niveaux/01_planche_exploratoire.png,2729943,bc9fb79d784d1317eae267e6b7ec0ed584d34e4f76f1e938fd3fbc0c884b8d07
05_Transformation_Niveaux/02_comparaison_niveaux_et_personnages.png,2821441,2b48daedc5faa09b75322e80c6c120e59c1937599c9d5756c27238ffe9e6e77e
05_Transformation_Niveaux/03_variations_et_jeu.png,2783445,66a5a5d015b39f11da1b27ae895ca1d4a54d2b03482e858ca9399d4e657c3fdf
05_Transformation_Niveaux/04_variantes_jeu.png,2783973,6771e8098f7c445b399be77bcf3b760a5dc702f6c4b331e2286bede7a09a177f
05_Transformation_Niveaux/05_explorations_visuelles.png,2741246,6a184750587cad144125b4339eb2f89942c749657f0269968560f0fe4bf167b6
05_Transformation_Niveaux/06_environnement_et_integration.png,2715897,f0f614d201fb2223c05a2a4116d7872c59778204c06781d99dcd0b660341adf2
